Model,BLEU Score,Semantic Coherence,Factual Accuracy,Content Coverage,Readability
google-t5/t5-large,0.3521851333075347,0.7685741397855369,0.44701592331805834,0.391596738434907,3.856666666666666
pszemraj/led-base-book-summary,0.31491796092967095,0.6889625724862192,0.5445122869765161,0.48227804564426824,3.5786666666666664
hardikJ11/bart-base-finetuned-cnn-news,0.3343905857837462,0.7109038604142838,0.39031057666674546,0.34279313258594074,3.8579999999999988
philschmid/bart-large-cnn-samsum,0.439666132253334,0.6328896094781533,0.539265842309829,0.28891713730477686,5.119333333333338
BigSneed/autotrain-sima-2512277279,0.3548851115348075,0.7711223998603127,0.4286603814533865,0.38296083487910904,3.9813333333333336
