Model,BLEU Score,Semantic Coherence,Factual Accuracy,Content Coverage,Readability,TOPSIS Score,Rank
google-t5/t5-large,0.3521851333075347,0.7685741397855369,0.4470159233180583,0.391596738434907,3.856666666666666,0.47858301148785615,3.0
pszemraj/led-base-book-summary,0.3149179609296709,0.6889625724862192,0.5445122869765161,0.4822780456442682,3.5786666666666664,0.4895524920818945,2.0
hardikJ11/bart-base-finetuned-cnn-news,0.3343905857837462,0.7109038604142838,0.3903105766667454,0.3427931325859407,3.857999999999999,0.2768759426276494,5.0
philschmid/bart-large-cnn-samsum,0.439666132253334,0.6328896094781533,0.539265842309829,0.2889171373047768,5.119333333333338,0.5476472120310608,1.0
BigSneed/autotrain-sima-2512277279,0.3548851115348075,0.7711223998603127,0.4286603814533865,0.382960834879109,3.9813333333333336,0.47220017395691205,4.0
